-- EXECUTAR UNA VEGADA
drop database if exists naturaDB;
create database if not exists naturaDB;
-- EXECUTAR UNA VEGADA

use naturaDB;
-- REGISTRE CLIENTS
INSERT INTO client (id_client, nom, email, telefon, direccio, tipus_client) VALUES
(1, 'Empresa ABC', 'contacto@empresaabc.com', '931234567', 'Calle Mayor, 10', 'Empresa'),
(2, 'Juan Pérez', 'juan.perez@gmail.com', '611223344', 'Avenida Sol, 45', 'Particular'),
(3, 'Comercial López', 'info@comerciallopez.com', '902345678', 'Plaza Nueva, 3', 'Empresa'),
(4, 'María González', 'maria.gonzalez@yahoo.com', '699889900', 'Calle Luna, 25', 'Particular'),
(5, 'Tecnología XXI', 'ventas@tecnologiaxxi.com', '934556789', 'Calle Innovación, 8', 'Empresa'),
(6, 'Carlos Martín', 'cmartin@hotmail.com', '667788990', 'Avenida Norte, 12', 'Particular'),
(7, 'Servicios Integrales', 'admin@serviciosintegrales.com', '918765432', 'Calle Empresa, 4', 'Empresa'),
(8, 'Lucía Fernández', 'lucia.fernandez@gmail.com', '623445566', 'Calle Primavera, 23', 'Particular'),
(9, 'Consultores Delta', 'info@consultoresdelta.com', '915432100', 'Ronda Este, 5', 'Empresa'),
(10, 'Raúl Sánchez', 'raul.sanchez@outlook.com', '678123456', 'Calle Otoño, 30', 'Particular'),
(11, 'Distribuciones Omega', 'contacto@omega.com', '934567123', 'Calle Sur, 14', 'Empresa'),
(12, 'Ana López', 'ana.lopez@gmail.com', '699001122', 'Calle Invierno, 16', 'Particular'),
(13, 'Grupo Soluciones', 'ventas@gruposoluciones.com', '911112233', 'Calle Verde, 9', 'Empresa'),
(14, 'David Hernández', 'david.hernandez@hotmail.com', '677554433', 'Calle Azul, 27', 'Particular'),
(15, 'Empresa Innovatech', 'info@innovatech.com', '934221100', 'Parque Empresarial, 2', 'Empresa'),
(16, 'Sofía Jiménez', 'sofia.jimenez@gmail.com', '688998877', 'Avenida Sur, 40', 'Particular'),
(17, 'TechWorld', 'contacto@techworld.com', '910123987', 'Calle Digital, 11', 'Empresa'),
(18, 'Francisco Ruiz', 'francisco.ruiz@yahoo.com', '666777888', 'Calle Lateral, 31', 'Particular'),
(19, 'Corporación Global', 'info@corporacionglobal.com', '931112345', 'Paseo Internacional, 15', 'Empresa'),
(20, 'Marta Vega', 'marta.vega@gmail.com', '612334455', 'Calle Central, 50', 'Particular');

-- REGISTRE PROVEIDORS
INSERT INTO proveidor (id_proveidor, nom, email, telefon, direccio) VALUES
(1, 'Muebles Martínez', 'contacto@mueblesmartinez.com', '931234567', 'Calle Roble, 10'),
(2, 'Sofás & Co', 'info@sofasco.com', '933221100', 'Avenida del Mueble, 45'),
(3, 'Estilo Hogar', 'ventas@estilohogar.com', '934556789', 'Plaza Diseño, 8'),
(4, 'Muebles Modernos', 'contacto@mueblesmodernos.com', '912345678', 'Calle Vanguardia, 16'),
(5, 'DecorArte', 'info@decorarte.com', '910987654', 'Avenida Creativa, 20'),
(6, 'Sillas Exclusivas', 'ventas@sillasexclusivas.com', '932112233', 'Calle Sentada, 14'),
(7, 'Mesas y Más', 'info@mesasymas.com', '916789012', 'Calle Madera, 18'),
(8, 'El Rincón del Sofá', 'contacto@rincondelsofa.com', '918765432', 'Calle Almohada, 22'),
(9, 'Diseño Total', 'ventas@disenototal.com', '914567123', 'Avenida Innovación, 30'),
(10, 'Muebles Rústicos', 'contacto@mueblesrusticos.com', '931998877', 'Calle Campo, 5'),
(11, 'Camas y Sueños', 'info@camasysonhos.com', '912334455', 'Calle Descanso, 50'),
(12, 'Almacenes de Muebles', 'ventas@almacenesmuebles.com', '919001122', 'Avenida Logística, 33'),
(13, 'Vanguard Mobiliario', 'info@vanguardmobiliario.com', '933221334', 'Calle Progreso, 7'),
(14, 'Cocinas Prácticas', 'contacto@cocinaspracticas.com', '916556677', 'Avenida del Chef, 25'),
(15, 'Estilo y Diseño', 'ventas@estiloydiseno.com', '918221445', 'Plaza Armonía, 12'),
(16, 'Deco Muebles', 'info@decomuebles.com', '917554433', 'Calle Elegancia, 11'),
(17, 'SofáPerfecto', 'contacto@sofaperfecto.com', '911122233', 'Calle Acolchado, 19'),
(18, 'Mueblema', 'ventas@mueblema.com', '933998877', 'Avenida Maestría, 24'),
(19, 'Decorativa', 'info@decorativa.com', '912112334', 'Calle Estilo, 6'),
(20, 'Casa Moderna', 'contacto@casamoderna.com', '934567890', 'Calle Futuro, 40');


-- REGISTRE CATEGORIA PRODUCTE
INSERT INTO categoria_producte (id_categoria, nom_categoria, descripcio) VALUES
(1, 'Sofás', 'Muebles cómodos y elegantes para sala de estar'),
(2, 'Mesas de Comedor', 'Mesas para comedor en diferentes estilos y materiales'),
(3, 'Sillas', 'Sillas ergonómicas y decorativas para diversas necesidades'),
(4, 'Camas', 'Camas de diferentes tamaños y diseños para el hogar'),
(5, 'Armarios', 'Armarios funcionales y modernos para almacenamiento'),
(6, 'Muebles de Jardín', 'Muebles resistentes para espacios al aire libre'),
(7, 'Estanterías', 'Soluciones de almacenamiento con estilo'),
(8, 'Escritorios', 'Escritorios ideales para oficina o estudio'),
(9, 'Muebles de TV', 'Soportes y muebles para equipos audiovisuales'),
(10, 'Aparadores', 'Aparadores elegantes para comedor o sala de estar'),
(11, 'Muebles Rústicos', 'Muebles con acabados tradicionales y naturales'),
(12, 'Muebles Modernos', 'Muebles con diseños contemporáneos y minimalistas'),
(13, 'Muebles Clásicos', 'Piezas de estilo clásico y atemporal'),
(14, 'Cunas', 'Cunas seguras y cómodas para bebés'),
(15, 'Muebles Modulares', 'Muebles versátiles que se adaptan a diferentes espacios'),
(16, 'Taburetes', 'Asientos altos para barras y cocinas'),
(17, 'Muebles Vintage', 'Piezas con un toque retro y nostálgico'),
(18, 'Muebles Industriales', 'Muebles con estilo urbano y funcional'),
(19, 'Muebles de Oficina', 'Mobiliario diseñado para espacios de trabajo'),
(20, 'Zapateros', 'Muebles prácticos para organizar el calzado');


-- REGISTRE PRODUCTE
INSERT INTO producte (id_producte, nom_producte, descripcio, id_categoria, preu, stcok_actual, unitat_mesura, id_proveidor) VALUES
(1, 'Sofá Elegance', 'Sofá de tres plazas con tela antimanchas', 1, 499.99, 25, 'UNITATS', 1),
(2, 'Sofá Relax', 'Sofá reclinable de alta comodidad', 1, 599.99, 15, 'UNITATS', 1),
(3, 'Sofá Compact', 'Sofá compacto para espacios pequeños', 1, 399.99, 20, 'UNITATS', 1),
(4, 'Mesa Roble', 'Mesa de comedor de madera de roble', 2, 699.99, 10, 'UNITATS', 1),
(5, 'Mesa Cristal', 'Mesa de comedor con superficie de cristal templado', 2, 799.99, 5, 'UNITATS', 1),
(6, 'Silla Vintage', 'Silla con diseño vintage en madera', 3, 99.99, 30, 'UNITATS', 2),
(7, 'Silla Ergonómica', 'Silla ergonómica para oficina', 3, 149.99, 25, 'UNITATS', 2),
(8, 'Silla Modern', 'Silla de diseño moderno en plástico y metal', 3, 89.99, 40, 'UNITATS', 2),
(9, 'Cama King Size', 'Cama de gran tamaño con cabecera incluida', 4, 899.99, 8, 'UNITATS', 2),
(10, 'Cama Compact', 'Cama compacta para habitaciones pequeñas', 4, 499.99, 12, 'UNITATS', 2),
(11, 'Armario Multiuso', 'Armario de madera con múltiples compartimentos', 5, 399.99, 18, 'UNITATS', 3),
(12, 'Armario Espejo', 'Armario con puertas de espejo', 5, 599.99, 10, 'UNITATS', 3),
(13, 'Estantería Cubos', 'Estantería modular con diseño de cubos', 7, 149.99, 20, 'UNITATS', 3),
(14, 'Estantería Alta', 'Estantería alta para libros y decoración', 7, 199.99, 15, 'UNITATS', 3),
(15, 'Escritorio Compact', 'Escritorio compacto para oficina en casa', 8, 299.99, 10, 'UNITATS', 3),
(16, 'Escritorio Pro', 'Escritorio profesional con superficie amplia', 8, 499.99, 8, 'UNITATS', 3),
(17, 'Mueble TV Oak', 'Mueble de TV de madera de roble', 9, 349.99, 12, 'UNITATS', 4),
(18, 'Mueble TV Minimal', 'Mueble de TV con diseño minimalista', 9, 299.99, 10, 'UNITATS', 4),
(19, 'Aparador Modern', 'Aparador con diseño moderno y puertas correderas', 10, 449.99, 8, 'UNITATS', 4),
(20, 'Aparador Clásico', 'Aparador con diseño clásico y detalles ornamentales', 10, 499.99, 6, 'UNITATS', 4),
(21, 'Sofá Deluxe', 'Sofá de lujo con materiales premium', 1, 999.99, 5, 'UNITATS', 5),
(22, 'Mesa Rústica', 'Mesa de comedor con acabado rústico', 2, 599.99, 8, 'UNITATS', 5),
(23, 'Silla Eco', 'Silla ecológica fabricada con materiales reciclados', 3, 129.99, 25, 'UNITATS', 5),
(24, 'Cama Infantil', 'Cama para niños con diseño temático', 4, 399.99, 10, 'UNITATS', 5),
(25, 'Armario Compacto', 'Armario compacto para espacios pequeños', 5, 299.99, 15, 'UNITATS', 5),
(26, 'Mesa Redonda', 'Mesa redonda para comedor', 2, 499.99, 10, 'UNITATS', 6),
(27, 'Silla Plegable', 'Silla plegable para exteriores', 3, 49.99, 50, 'UNITATS', 6),
(28, 'Cama Matrimonial', 'Cama matrimonial de diseño moderno', 4, 699.99, 15, 'UNITATS', 6),
(29, 'Armario Modular', 'Armario modular para personalizar espacios', 5, 549.99, 8, 'UNITATS', 6),
(30, 'Estantería Compacta', 'Estantería compacta para libros y decoración', 7, 129.99, 20, 'UNITATS', 6),
(31, 'Escritorio Ajustable', 'Escritorio con altura ajustable', 8, 399.99, 12, 'UNITATS', 7),
(32, 'Mueble TV Classic', 'Mueble para TV con diseño clásico', 9, 329.99, 10, 'UNITATS', 7),
(33, 'Aparador Vintage', 'Aparador con diseño vintage', 10, 429.99, 6, 'UNITATS', 7),
(34, 'Sofá Compacto', 'Sofá compacto ideal para apartamentos', 1, 399.99, 15, 'UNITATS', 7),
(35, 'Mesa de Trabajo', 'Mesa robusta para tareas múltiples', 2, 299.99, 18, 'UNITATS', 7),
(36, 'Silla Giratoria', 'Silla de oficina giratoria con respaldo alto', 3, 159.99, 10, 'UNITATS', 8),
(37, 'Cama Vintage', 'Cama con diseño vintage y acabados únicos', 4, 749.99, 8, 'UNITATS', 8),
(38, 'Armario Triple', 'Armario de tres puertas con espejo', 5, 899.99, 5, 'UNITATS', 8),
(39, 'Estantería Abierta', 'Estantería sin puertas con estilo moderno', 7, 189.99, 12, 'UNITATS', 8),
(40, 'Escritorio Esquinero', 'Escritorio esquinero para aprovechar espacios', 8, 329.99, 10, 'UNITATS', 8),
(41, 'Mueble TV Modular', 'Mueble modular para equipos audiovisuales', 9, 449.99, 8, 'UNITATS', 9),
(42, 'Aparador de Vidrio', 'Aparador con puertas de vidrio templado', 10, 599.99, 4, 'UNITATS', 9),
(43, 'Sofá Seccional', 'Sofá seccional con módulos ajustables', 1, 1099.99, 3, 'UNITATS', 9),
(44, 'Mesa Cuadrada', 'Mesa cuadrada para comedor', 2, 449.99, 10, 'UNITATS', 9),
(45, 'Silla Tapizada', 'Silla tapizada con diseño clásico', 3, 179.99, 10, 'UNITATS', 9),
(46, 'Cama Queen Size', 'Cama tamaño Queen con cabecera acolchada', 4, 799.99, 8, 'UNITATS', 10),
(47, 'Armario Blanco', 'Armario de madera blanca con detalles minimalistas', 5, 649.99, 12, 'UNITATS', 10),
(48, 'Estantería Metálica', 'Estantería resistente con estructura metálica', 7, 239.99, 15, 'UNITATS', 10),
(49, 'Escritorio Gamer', 'Escritorio con soporte para equipos de juego', 8, 549.99, 7, 'UNITATS', 10),
(50, 'Mueble TV LED', 'Mueble de TV con iluminación LED integrada', 9, 699.99, 5, 'UNITATS', 10),
(51, 'Sofá Reclinable', 'Sofá reclinable con portavasos integrado', 1, 749.99, 10, 'UNITATS', 11),
(52, 'Mesa Auxiliar', 'Mesa auxiliar con acabados en madera', 2, 129.99, 20, 'UNITATS', 11),
(53, 'Silla Lounge', 'Silla lounge para relax', 3, 229.99, 12, 'UNITATS', 11),
(54, 'Cama de Hierro', 'Cama con estructura de hierro forjado', 4, 699.99, 8, 'UNITATS', 11),
(55, 'Armario Deslizante', 'Armario con puertas deslizantes', 5, 799.99, 6, 'UNITATS', 11),
(56, 'Mesa Plegable', 'Mesa plegable para espacios pequeños', 2, 179.99, 25, 'UNITATS', 12),
(57, 'Silla Infantil', 'Silla para niños con diseño divertido', 3, 59.99, 30, 'UNITATS', 12),
(58, 'Cama Alta', 'Cama elevada con espacio inferior para escritorio', 4, 849.99, 6, 'UNITATS', 12),
(59, 'Armario Doble', 'Armario doble con cajones inferiores', 5, 749.99, 10, 'UNITATS', 12),
(60, 'Estantería Esquina', 'Estantería para esquinas con diseño compacto', 7, 179.99, 15, 'UNITATS', 12),
(61, 'Sofá Chesterfield', 'Sofá clásico Chesterfield en cuero', 1, 1299.99, 4, 'UNITATS', 13),
(62, 'Mesa Multifuncional', 'Mesa con múltiples configuraciones', 2, 399.99, 10, 'UNITATS', 13),
(63, 'Silla Ejecutiva', 'Silla para oficina con soporte lumbar', 3, 199.99, 8, 'UNITATS', 13),
(64, 'Cama Canopy', 'Cama con dosel para un diseño elegante', 4, 999.99, 5, 'UNITATS', 13),
(65, 'Armario Esquinero', 'Armario esquinero para optimizar espacio', 5, 849.99, 7, 'UNITATS', 13),
(66, 'Mueble Bar', 'Mueble compacto para bar en casa', 9, 499.99, 10, 'UNITATS', 14),
(67, 'Aparador de Madera', 'Aparador de madera maciza', 10, 649.99, 8, 'UNITATS', 14),
(68, 'Sofá Cama', 'Sofá que se convierte en cama', 1, 799.99, 6, 'UNITATS', 14),
(69, 'Mesa Minimal', 'Mesa con diseño minimalista', 2, 249.99, 15, 'UNITATS', 14),
(70, 'Silla Transparente', 'Silla de plástico transparente', 3, 119.99, 20, 'UNITATS', 14),
(71, 'Cama Doble', 'Cama doble con espacio para almacenamiento', 4, 649.99, 10, 'UNITATS', 15),
(72, 'Armario Juvenil', 'Armario juvenil con colores vivos', 5, 599.99, 12, 'UNITATS', 15),
(73, 'Estantería Infantil', 'Estantería para niños con motivos divertidos', 7, 199.99, 10, 'UNITATS', 15),
(74, 'Escritorio Compacto', 'Escritorio compacto para habitaciones pequeñas', 8, 279.99, 20, 'UNITATS', 15);

-- REGISTRE COMANDA
INSERT INTO comanda (id_comanda, id_client, data_comanda, estat, total) VALUES
(1, 5, '2024-01-01', 'Pendent', 349.99),
(2, 12, '2024-01-03', 'Completada', 129.99),
(3, 8, '2024-01-05', 'Cancelada', 229.99),
(4, 15, '2024-01-07', 'Pendent', 599.99),
(5, 3, '2024-01-09', 'Completada', 419.99),
(6, 17, '2024-01-11', 'Pendent', 89.99),
(7, 1, '2024-01-13', 'Cancelada', 249.99),
(8, 11, '2024-01-15', 'Completada', 349.99),
(9, 9, '2024-01-17', 'Pendent', 119.99),
(10, 20, '2024-01-19', 'Completada', 99.99),
(11, 6, '2024-01-21', 'Cancelada', 459.99),
(12, 10, '2024-01-23', 'Pendent', 279.99),
(13, 14, '2024-01-25', 'Completada', 399.99),
(14, 18, '2024-01-27', 'Pendent', 499.99),
(15, 7, '2024-01-29', 'Cancelada', 209.99),
(16, 19, '2024-02-01', 'Completada', 549.99),
(17, 2, '2024-02-03', 'Pendent', 319.99),
(18, 4, '2024-02-05', 'Completada', 459.99),
(19, 16, '2024-02-07', 'Pendent', 399.99),
(20, 13, '2024-02-09', 'Cancelada', 149.99),
(21, 8, '2024-02-11', 'Pendent', 329.99),
(22, 12, '2024-02-13', 'Completada', 199.99),
(23, 15, '2024-02-15', 'Cancelada', 529.99),
(24, 3, '2024-02-17', 'Pendent', 179.99),
(25, 5, '2024-02-19', 'Completada', 239.99),
(26, 7, '2024-02-21', 'Pendent', 399.99),
(27, 9, '2024-02-23', 'Cancelada', 289.99),
(28, 1, '2024-02-25', 'Completada', 599.99),
(29, 10, '2024-02-27', 'Pendent', 149.99),
(30, 20, '2024-03-01', 'Completada', 449.99);

-- REGISTRE DETALL COMANDA
INSERT INTO detall_comanda (id_detall, id_comanda, id_producte, quantitat, subtotal) VALUES
(1, 1, 3, 2, 799.98),
(2, 1, 5, 1, 799.99),
(3, 1, 12, 3, 1799.97),
(4, 2, 8, 2, 179.98),
(5, 2, 15, 1, 299.99),
(6, 3, 4, 1, 699.99),
(7, 3, 6, 4, 399.96),
(8, 4, 7, 2, 299.98),
(9, 4, 10, 1, 499.99),
(10, 5, 2, 3, 1799.97),
(11, 5, 9, 1, 899.99),
(12, 6, 14, 2, 399.98),
(13, 6, 18, 1, 299.99),
(14, 7, 13, 1, 149.99),
(15, 7, 17, 2, 699.98),
(16, 8, 22, 1, 599.99),
(17, 8, 19, 3, 1349.97),
(18, 9, 11, 1, 399.99),
(19, 9, 21, 1, 999.99),
(20, 10, 25, 2, 599.98),
(21, 10, 23, 4, 519.96),
(22, 11, 16, 2, 999.98),
(23, 11, 20, 1, 499.99),
(24, 12, 26, 1, 499.99),
(25, 12, 29, 1, 549.99),
(26, 13, 28, 2, 1399.98),
(27, 13, 30, 1, 129.99),
(28, 14, 31, 2, 799.98),
(29, 14, 34, 1, 399.99),
(30, 15, 38, 1, 899.99),
(31, 16, 7, 1, 149.99),
(32, 16, 11, 3, 449.97),
(33, 17, 5, 2, 299.98),
(34, 17, 14, 1, 399.99),
(35, 18, 9, 2, 599.98),
(36, 18, 20, 1, 499.99),
(37, 19, 2, 3, 899.97),
(38, 19, 18, 1, 299.99),
(39, 20, 4, 2, 1199.98),
(40, 20, 6, 1, 199.99),
(41, 21, 22, 2, 399.98),
(42, 21, 25, 3, 899.97),
(43, 22, 30, 1, 129.99),
(44, 22, 31, 1, 399.99),
(45, 23, 34, 3, 1199.97),
(46, 23, 7, 9, 1349.91),
(47, 23, 14, 11, 2199.89),
(48, 23, 20, 6, 2999.94),
(49, 24, 3, 12, 4799.88),
(50, 24, 18, 10, 2999.90),
(51, 24, 12, 8, 4799.92),
(52, 24, 27, 6, 2999.94),
(53, 25, 5, 7, 3499.93),
(54, 25, 6, 8, 1199.92),
(55, 25, 29, 10, 5499.90),
(56, 25, 13, 9, 1349.91),
(57, 26, 8, 11, 989.89),
(58, 26, 24, 10, 4999.90),
(59, 26, 5, 6, 2999.94),
(60, 26, 11, 9, 3599.92),
(61, 27, 10, 9, 4499.91),
(62, 27, 17, 6, 2099.94),
(63, 27, 28, 5, 3499.95),
(64, 27, 3, 8, 719.92),
(65, 28, 19, 10, 4999.90),
(66, 28, 9, 7, 2199.93),
(67, 28, 6, 8, 1199.92),
(68, 28, 16, 6, 2999.94),
(69, 29, 23, 7, 909.93),
(70, 29, 27, 10, 4999.90),
(71, 29, 20, 5, 2499.95),
(72, 29, 9, 9, 2699.91),
(73, 30, 25, 6, 1799.94),
(74, 30, 2, 7, 3999.93),
(75, 30, 13, 9, 1349.91),
(76, 30, 14, 8, 1599.92);

-- REGISTRE COMPTE BANCARI
INSERT INTO compte_bancari (iban, saldo) VALUES ("ES738573857302",3000000);

-- REGISTRE EMPLEAT
INSERT INTO empleat (id_empleat, nom, salari, data_contractacio, email, telefon, departament) VALUES
(1, 'Albert Grau', 2500.00, '2023-01-15', 'albert.grau@copernic.cat', '611234567', 'FINANCES'),
(2, 'Josep Fernandez', 3000.00, '2022-06-10', 'josep.fernandez@copernic.cat', '612345678', 'IT'),
(3, 'Ivan Canton', 1800.00, '2021-11-23', 'ivan.canton@copernic.cat', '613456789', 'RRHH'),
(4, 'Pablo Gonzalez', 2200.00, '2023-03-30', 'gonzalez.salmeron.pablo@alumnat.copernic.cat', '614567890', 'VENTES'),
(5, 'Aniol Jordan', 2700.00, '2021-09-05', 'anioljolo@gmailcom', '615678901', 'FINANCES'),
(6, 'Ians Ians', 3200.00, '2022-12-12', 'pablosalmeron34@gmail.com', '616789012', 'IT');

-- REGISTRE USERS
INSERT INTO users (username, password, role, enabled, es_nou, id_empleat) VALUES 
('admin', '$2b$12$PlQngBMs3uX5dC5k0bO3e..PWkeX56cqbXFPM8SeZVn4zVxADTVrK', 'ROLE_ADMIN', true, false, 1),
('finances', '$2b$12$PlQngBMs3uX5dC5k0bO3e..PWkeX56cqbXFPM8SeZVn4zVxADTVrK', 'ROLE_FINANCES', false, true, 2),
('inventari', '$2b$12$PlQngBMs3uX5dC5k0bO3e..PWkeX56cqbXFPM8SeZVn4zVxADTVrK', 'ROLE_INVENTARI', false, true, 3),
('rrhh', '$2b$12$PlQngBMs3uX5dC5k0bO3e..PWkeX56cqbXFPM8SeZVn4zVxADTVrK', 'ROLE_RRHH', false, true, 4),
('user', '$2b$12$PlQngBMs3uX5dC5k0bO3e..PWkeX56cqbXFPM8SeZVn4zVxADTVrK', 'ROLE_USER', false, true, 5);
select * from ordre_compra;
-- REGISTRE ORDRE COMPRA
INSERT INTO ordre_compra (data_ordre, estat, total, id_proveidor) values 
('2025-01-10 00:00:00.000000','Pendent', 2949.93,4),
('2025-01-10 00:00:00.000000', 'Pendent', '2799.96',6);

-- REGISTRE ORDRE COMPRA DETALL
INSERT INTO detall_ordre_compra (id_detall, preu_unitari, quantitat, subtotal, id_ordre, id_producte) VALUES
(1, 349.99, 1, 349.99, 1, 17),
(2, 299.99, 1, 299.99, 1, 18),
(3, 449.99, 4, 1799.96, 1, 19),
(4, 499.99, 1, 499.99, 1, 20),
(5, 699.99, 4, 2799.96, 2, 28);
